Judge,Judge FirstName,Judge LastName,Department,Hour available,Research_Expertise
1,Jeongmin,Ahn,MAE,1,"1. Core Research Areas: Advanced energy conversion, Fuel cells, Batteries, Electrochemistry, Combustion, Thermal management, PowerMEMS

2. Key Publications:  I cannot provide specific papers and their impact without access to full publication details and citation counts, which is beyond the scope of these tools.  However, a Google Scholar search reveals a significant number of publications. To provide a robust analysis, I need direct access to a publication database such as Scopus or Web of Science to determine the most highly cited and impactful papers.  Information from Syracuse University's website would also be helpful to identify key publications highlighted by the university itself.

3. Research Focus: Professor Ahn's research centers on the development and improvement of energy conversion technologies, particularly focusing on the intersection of electrochemistry, combustion, and thermal management. His work likely involves both experimental and computational methods to study and optimize the performance and efficiency of various energy systems. Specific sub-specialties might include fuel cell technology, battery technology, or the development of micro-energy systems (PowerMEMS).

4. Recent Work:  Determining current research directions requires accessing recent publications and potentially looking for information on ongoing projects on Professor Ahn's university profile page or research group websites. This would require specific links to such pages which were not provided.

5. Notable Contributions:  Identifying significant findings or breakthroughs would necessitate a detailed review of Professor Ahn's publications, which is beyond the capability of these tools without direct access to databases and specific publication lists.  However, his expertise in multiple fields suggests he may have made contributions to fuel cell efficiency, battery design, or micro-energy system integration.  More specific details require deeper research within his publications."
2,Ben ,Akih-Kumgeh,MAE,1,"1. **Technical Expertise:** Combustion physics and chemistry, experimental characterization of combustion properties, combustion modeling, thermodynamics, energy conversion, propulsion.  Methodologies include experimental techniques (likely involving shock tubes and other specialized combustion equipment based on publication titles) and computational modeling.

2. **Research Applications:**  The provided search results suggest a potential connection to fuel cell technology (mentioned in relation to patents) although specific patent numbers or applications were not readily available from quick searches. More in-depth patent searching would be needed for a conclusive list.  His research also has applications in energy conversion and propulsion.

3. **Specialized Knowledge:**  Uses specialized combustion equipment (details require further investigation of publications).  Access to and expertise in operating shock tubes are implied.  Experience with computational fluid dynamics (CFD) modeling and kinetic modeling is highly probable given the research area.

4. **Interdisciplinary Impact:**  The research likely involves interdisciplinary connections with chemistry (chemical kinetics), materials science (for fuel cell development if applicable), and potentially engineering (design and optimization of combustion systems).

5. **Active Projects:** Current research initiatives and grants were not explicitly stated in readily accessible online resources.  Further investigation into Syracuse University's grant databases or Ben Akih-Kumgeh's publications would be necessary to identify ongoing projects and funding sources.  The existence of numerous publications and citations on Google Scholar indicates active research."
3,Jesse Q. ,Bond,BMCE,2,"1. Core Research Areas: Heterogeneous catalysis, Bio-based fuels and chemicals, Reaction engineering, Biomass processing, Catalytic kinetics, Energy,  Materials science (based on collaborations and research group affiliations).

2. Key Publications:  I cannot definitively identify the 2-3 *most* significant papers without access to citation metrics beyond Google Scholar's general citation count (which is readily available).  However, based on the available information and the prominence of his research themes, likely significant publications would fall within the areas of biomass conversion to fuels, catalytic kinetics, and potentially a review paper summarizing his work in one of these areas.  A detailed analysis of individual publications requires access to the full-text papers themselves and advanced citation analysis tools.

3. Research Focus: Professor Bond's research focuses on the design and application of catalytic processes, particularly for the conversion of biomass into biofuels and other valuable chemicals.  He uses experimental and computational methods to understand catalytic reaction mechanisms and develop new catalysts. His work is highly relevant to sustainable energy and chemical production. His expertise also extends to reaction engineering and the characterization of catalytic materials.

4. Recent Work:  Specific details on ongoing research projects are not readily available without access to his lab's website or internal university resources.  However, based on his established research areas, it is likely that current work continues along the lines of biomass conversion, catalyst design, and the application of advanced characterization techniques.

5. Notable Contributions: While specific breakthroughs cannot be identified without detailed access to his publications, his significant citation count (6990 at the time of this search) suggests considerable impact within his field.  His involvement in projects related to converting lignocellulosic biomass into jet fuel surrogates also hints at contributions to the development of sustainable aviation fuels.  His work on catalytic kinetics and reaction mechanisms has likely advanced the understanding and design of efficient catalytic processes."
4,Elizabeth ,Carter,CEE,both,"1. Technical Expertise: Computational hydrology, applied computational hydroclimatology, remote sensing, data science, risk assessment, flood forecasting, water resources management.  Uses globally-available earth observations.

2. Research Applications:  Her research focuses on using data from satellites to study water movement, with implications for flood forecasting and water resource management.  No specific patents mentioned in readily available sources.  The practical application is improved forecasting and management of water resources, particularly concerning flood risk and equitable distribution.

3. Specialized Knowledge:  Expertise in fusing tools from modern data science with risk assessment in hydrology. Uses data from satellites and other earth observations.

4. Interdisciplinary Impact:  Her work bridges civil and environmental engineering, Earth and environmental sciences, data science, and potentially social sciences (given mention of equity in water resource management).

5. Active Projects: Current research involves studying and forecasting floods using satellite data.  Specific grant information is not readily available through the initial searches.  More detailed information about current projects would likely require accessing Syracuse University's internal research databases."
5,C.Y. Roger ,Chen,EECS,2,"1. Core Research Areas: VLSI design, low-power circuit design, timing analysis and simulation, computer architecture, multimedia systems.

2. Key Publications:  Specific publications require access to a database like IEEE Xplore or Google Scholar for accurate citation information and impact.  The provided search results suggest a significant body of work, but precise titles and impact factors are unavailable without accessing those databases.  However, based on the mentions in the search results,  publications related to VLSI timing analysis and low-power circuit design are likely among his most significant.

3. Research Focus: Professor C.Y. Roger Chen's research centers on the design and optimization of very-large-scale integration (VLSI) circuits, focusing on reducing power consumption and improving performance.  This involves work on  timing analysis and simulation techniques at both the transistor and circuit levels. His research also extends to multimedia systems, potentially focusing on efficient data management and processing for multimedia applications.

4. Recent Work:  Based on limited information, recent work likely includes ongoing research on techniques to reduce leakage power in circuits during idle times (mentioned on Syracuse University website).  More specific details require access to more recent publications or his research group's website.

5. Notable Contributions:  Precise details of significant findings or breakthroughs are unavailable without accessing his full publication record. However, his long tenure (nearly 37 years at Syracuse University) and numerous publications suggest a significant cumulative contribution to the fields of VLSI design and low-power circuit design.  His work likely advanced techniques in timing analysis, power optimization, and possibly multimedia system architecture.  The establishment of a scholarship in his honor further underscores his significant contributions to student mentorship and the field."
6,Ruth,Chen,CEE,both,"1. Technical Expertise: Environmental toxicology, potentially building energy and environmental systems (based on lab affiliation mentioned on her Syracuse University profile).  Further specifics on methodologies and techniques are not readily available on publicly accessible profiles.

2. Research Applications:  Practical applications and patents are not explicitly stated in the accessible online resources. Her research likely relates to environmental remediation and/or sustainable building practices given her background and affiliations.

3. Specialized Knowledge:  The Building Energy and Environmental Systems Laboratory at Syracuse University suggests expertise in the tools and technologies used within that lab.  Specific equipment and tools are not publicly listed.

4. Interdisciplinary Impact: Her work connects environmental engineering with toxicology, and possibly with biomedical and chemical engineering, as she is exploring collaborations in those fields.

5. Active Projects: Current research initiatives and grants are not detailed in readily available online materials.  She is actively exploring collaborations with faculty members in biomedical, chemical, and environmental engineering."
7,John F. ,Dannenhoffer,MAE,1,"1. Core Research Areas: Computational Fluid Dynamics (CFD), Design Optimization, Computer-Aided Design (CAD),  Aerospace Engineering, Engineering Education.

2. Key Publications: While a complete list isn't readily available from the sources used, the Engineering Sketch Pad (ESP) is repeatedly cited as a significant contribution.  Further key publications would require access to a complete publication list from a database like Google Scholar or Scopus, which are not available as tools here.  The ResearchGate profile suggests additional work in design optimization and distributed engineering design teams.

3. Research Focus: Professor Dannenhoffer's expertise centers on developing and applying computational methods to solve engineering design problems, particularly in aerospace.  His work focuses on improving the efficiency and effectiveness of the design process using tools like the Engineering Sketch Pad. He has also contributed to research on geographically distributed engineering teams and associated design challenges.  His background in CFD is evident in his early research and likely continues to underpin many aspects of his current work.

4. Recent Work:  Pinpointing precise recent work requires access to a more updated publication list or his university's research portal. The available information points towards ongoing work in design optimization, likely using advancements in CAD and CFD. Based on his past work with the Engineering Sketch Pad, it is likely he is continuing to improve or adapt this tool for new applications or software platforms.

5. Notable Contributions: The Engineering Sketch Pad (ESP) is Professor Dannenhoffer's most notable contribution. It's a computer-based system that significantly aids in the optimal design and analysis of engineering systems.  The impact of this tool is likely substantial within the aerospace field and potentially other related design areas.  Further contributions would need additional research beyond the current source analysis to fully enumerate."
8,Gabriel Silva ,De Oliveira,EECS,2,"1. **Technical Expertise:**  Research methodologies in Computer Science Education, focusing on qualitative research methods (likely involving interviews, surveys, and qualitative data analysis) to understand student learning difficulties in programming, specifically ""coding struggle"".  Further details about specific techniques require reviewing his publications.

2. **Research Applications:** No patents or direct industrial applications are immediately evident.  The research primarily focuses on improving pedagogy and student learning outcomes in introductory computer science courses.

3. **Specialized Knowledge:** No unique tools or approaches beyond those common in qualitative research in Computer Science Education are explicitly mentioned.  This may be identified by further reviewing his publications.

4. **Interdisciplinary Impact:**  The work connects Computer Science Education with educational psychology, leveraging insights from learning theories to improve teaching practices and address common challenges faced by novice programmers.

5. **Active Projects:** Current research initiatives and grants are not explicitly listed on the readily available profiles.  Further investigation into his university profile or publication records would be needed to identify these."
9,Bing ,Dong,MAE,both,"1. Core Research Areas: Building energy performance simulation, smart building systems, occupancy behavior modeling, Building Information Modeling (BIM), urban energy systems, cyber-physical energy systems, and  mycelium-based composites for sustainable building materials.


2. Key Publications:  Specific publications require accessing Bing Dong's Google Scholar profile and ResearchGate profile for details.  Unfortunately, I cannot directly access and interpret web pages, including PDFs. The provided observations indicate a large number of publications, but I can't provide specifics on titles and impact without direct access to those resources. To get a better understanding of his key publications, I would suggest looking at his Google Scholar profile for his most cited works and those published in high impact journals.


3. Research Focus:  Professor Dong's research centers on improving the energy efficiency and sustainability of buildings and urban environments.  He uses advanced modeling and simulation techniques to understand how building design, occupancy patterns, and energy systems interact.  His work extends to developing and implementing smart building technologies for optimized energy management and exploring sustainable building materials, like mycelium-based composites.


4. Recent Work: Professor Dong's recent research includes exploring how smart buildings integrate into larger urban-scale cyber-physical energy systems. This involves investigating energy optimization strategies across entire cities rather than focusing solely on individual buildings. His recent publications also touch on modeling and optimization of urban energy systems and exploring sustainable, mycelium-based building materials.


5. Notable Contributions: Professor Dong's contributions include advancements in building energy performance simulation, occupancy behavior modeling, and the integration of smart building technologies into broader urban energy systems.  His work has likely significantly impacted the field of building sustainability and energy management.  His recent award as an IBPSA World Fellow further highlights his significant contribution to the research community.  The specific details of his notable breakthroughs would necessitate reviewing his publication list in detail."
10,Zhenyu ,Gan,MAE,both,"1. Technical Expertise: Multibody dynamics, gait pattern analysis of bipedal and quadrupedal locomotion, control of body-powered exoskeletons, nonlinear dynamics, robotics, reinforcement learning, energetic analysis of optimal bounding gaits, variable hydraulic transmission modeling and experimental evaluation, leveraging symmetries in gaits for reinforcement learning.  Specific techniques include using  models of quadrupedal robots, experimental validation using physical robots, and application of reinforcement learning algorithms.

2. Research Applications:  Research focuses on improving the efficiency and robustness of legged robot locomotion.  This has implications for the development of more agile and versatile robots for various applications such as search and rescue, exploration, and industrial automation. No patents explicitly identified in readily available sources.

3. Specialized Knowledge: Expertise in the dynamics of legged locomotion, particularly the use of symmetry principles to design and control gaits.  The use of both simulation and physical experiments is notable.  Work includes use of variable hydraulic transmissions in robotic systems.

4. Interdisciplinary Impact:  Strong interdisciplinary connections between mechanical engineering, robotics, and control theory.  Research also touches upon aspects of computer science (reinforcement learning) and potentially biology (bio-inspired locomotion).

5. Active Projects: Current research initiatives involve studying asymmetrical bounding gaits in quadrupedal robots, energy-optimal gait selection, and safe online robotic gait design. Funding sources are not explicitly stated in readily available online resources.  However, association with the Autonomous Systems Policy Institute at Syracuse University suggests involvement in grant-funded projects."
11,Nadeem ,Ghani,EECS,1,"1. Core Research Areas: Human Vision and Psychophysics, Neurophysiology, Human Factors (based on his faculty profile).  More specific research areas cannot be determined due to a lack of accessible publication data.

2. Key Publications:  Unable to identify key publications due to limited access to publication records.

3. Research Focus:  Professor Ghani's research appears to be in the intersection of human perception, neurophysiology, and human-computer interaction, though the specifics of his research projects and findings remain unknown without access to his publications.

4. Recent Work:  Information on recent research trends and ongoing projects is unavailable due to limited access to data.

5. Notable Contributions:  Significant research contributions and breakthroughs cannot be determined without access to Professor Ghani's publications and research output."
12,M. Cenk,Gursoy,EECS,1,"1. Technical Expertise: Wireless communications, information theory, communication networks, signal processing, optimization, machine learning,  queueing theory,  power control, resource allocation, energy efficiency analysis,  throughput analysis,  fading channel analysis,  non-orthogonal multiple access (NOMA), wireless powered communication networks (WPCN),  reinforcement learning.  He utilizes techniques from probability and statistics, coding theory, and game theory in his research.

2. Research Applications:  While specific patents aren't readily listed, his research has implications for improving energy efficiency and throughput in wireless communication systems, particularly in the context of  5G and beyond. This includes applications in  unmanned aerial vehicle (UAV) networks and wireless powered communication networks.  His work contributes to the development of more efficient and reliable wireless technologies.

3. Specialized Knowledge:  His expertise lies in applying theoretical frameworks from information theory and optimization to real-world problems in wireless communication.  He uses advanced mathematical modeling and simulation techniques to analyze the performance of various wireless communication systems.  The specific software and hardware tools aren't explicitly stated but would likely involve standard signal processing, simulation, and optimization software packages.

4. Interdisciplinary Impact:  His research bridges electrical engineering and computer science with areas such as operations research and machine learning. He applies optimization and machine learning techniques to improve the performance of wireless communication systems.  The interdisciplinary nature of his work is evident in his collaborations and research projects.

5. Active Projects:  His current research focuses on throughput and energy efficiency analysis in wireless communications, especially in the presence of random sources and queueing constraints. He's also actively working on improving the performance of UAV-assisted cellular networks. Specific grants are not detailed on easily accessible public pages, requiring deeper searches of funding databases which are beyond my current capabilities."
13,Jay ,Henderson,BMCE,2,"1. Core Research Areas: Biomaterials, Cell Biomechanics, Mechanobiology, 3D Bioprinting, Smart Materials, Tissue Engineering

2. Key Publications:  (Specific publications require accessing the full Google Scholar and ResearchGate profiles, which I cannot directly do.  The following are examples based on common themes from the observed information.  To provide accurate titles and details, please provide access to the full profiles.)

    * **Publication 1 (Example):**  A paper on the development of novel biomaterials for tissue engineering applications, focusing on improved biocompatibility and mechanical properties.  (Impact: High citation count, potential for significant advancements in regenerative medicine).
    * **Publication 2 (Example):** A study investigating the mechanobiological effects of specific surface topographies on cell behavior. (Impact:  Advanced understanding of cell-material interactions, applications in drug delivery and tissue regeneration).
    * **Publication 3 (Example):** Research on 3D bioprinting techniques and their optimization for creating functional tissues. (Impact: Contributions to advancements in 3D bioprinting technology, potential for personalized medicine).


3. Research Focus: Professor James H. Henderson's research focuses on the intersection of materials science, engineering, and biology. His expertise lies in designing and developing novel biomaterials and bioprinting techniques for tissue engineering and regenerative medicine.  A significant part of his work involves investigating the effects of material properties and surface topography on cell behavior, including cell adhesion, migration, and differentiation. He utilizes a multidisciplinary approach, incorporating cell and molecular biology, mechanics, imaging, and computational modeling.  His research is geared toward creating functional tissues and improving treatment options for various diseases.

4. Recent Work: Based on the available information, Professor Henderson's recent research trends appear to include further exploration of 3D bioprinting techniques, optimization of biomaterial properties for specific tissue types, and continued investigation of mechanobiology and its role in tissue regeneration.  Specific project details would require access to his lab's website or recent publications.

5. Notable Contributions:  (Again, specific details require access to his publications).  Potential notable contributions might include the development of novel biomaterials with superior properties, significant advancements in 3D bioprinting technologies, or new insights into the mechanobiological regulation of cell behavior.  A substantial citation count suggests considerable impact within the field."
14,Endadul,Hoque,EECS,2,"1. **Technical Expertise:** Endadul Hoque's research focuses on the security of computer networks and systems, employing methodologies such as program analysis, software engineering, and context-sensitive fuzzing. His publications indicate expertise in areas like IoT security, policy enforcement, and privacy preservation in wireless sensor networks.  He utilizes formal methods and collaborative models in his research.

2. **Research Applications:**  While specific patents weren't directly found in my searches, his NSF CAREER Award focuses on creating practical applications for context-sensitive fuzzing in networked systems, suggesting a strong emphasis on translating research into tools and techniques for improving network security.  His research has implications for improving the security of IoT devices and securing network protocols.

3. **Specialized Knowledge:**  His research utilizes techniques like context-sensitive fuzzing, a specialized approach to identifying vulnerabilities in software.  The development and application of this technique represent a unique area of technical expertise. His work also involves the use of formal models for collaborative systems and data aggregation techniques for privacy preservation in wireless sensor networks.

4. **Interdisciplinary Impact:**  His work bridges computer science, software engineering, and network security.  The applications of his research extend to IoT systems, impacting areas like cyber-physical systems and potentially impacting fields such as healthcare or smart infrastructure which utilize IoT devices.  His use of formal methods connects his work to theoretical computer science and mathematics.

5. **Active Projects:**  Endadul Hoque has received an NSF CAREER Award to fund his research on context-sensitive fuzzing for networked systems.  His personal website and university profile indicate ongoing work in various aspects of computer network and system security.  His recent publications detail his active research initiatives.  Specific details about ongoing grant-funded projects may require accessing internal university resources."
15,Ian,Hosein,BMCE,2,"1. Core Research Areas: Materials Science, Polymer Chemistry, Energy Materials, Sustainable Energy, Electrochemical Energy Storage,  Nanomaterials,  Materials Processing

2. Key Publications:  (Note:  Specific publication titles and impactful details require accessing his full publication list, which is beyond the scope of readily available web searches.  This section would need further investigation using databases like Web of Science or Scopus.  However, based on the web search, some of his highly cited works likely fall under the following general areas):

    *   **High-performance solar cells:** Publications focusing on novel materials and architectures for enhanced light capture and energy conversion efficiency in solar cells.
    *   **Sustainable energy generation from saltwater:**  Work related to his patent on generating energy from saltwater, likely focused on novel materials and processes.
    *   **Electrochemical energy storage:** Publications on developing advanced materials for batteries and supercapacitors, potentially addressing issues like energy density, lifespan, and charging time.

3. Research Focus: Professor Hosein's research focuses on designing, synthesizing, and characterizing novel materials with applications in sustainable energy and electrochemical energy storage. His work significantly involves combining materials processing techniques with smart polymer chemistry and inorganic chemistry to tailor material structure and properties for optimal performance. He seeks to develop sustainable and efficient energy solutions, including enhancing the efficiency of solar cells and exploring innovative methods for energy generation from abundant resources like saltwater.  His research appears to have a strong experimental focus.


4. Recent Work:  Based on limited information, recent work likely continues his focus on sustainable energy, possibly including further development of saltwater energy generation technology, advanced materials for batteries and supercapacitors, and the improvement of solar energy harvesting.  More specific details would require accessing his most recent publications.

5. Notable Contributions:  A notable contribution is his awarded patent on a process for generating energy from saltwater, showing promise for addressing global water security and advancing sustainability. His contributions in the field of solar cell materials are also likely significant, given the focus on enhanced light capture and efficiency mentioned in several sources.  Quantifying the exact impact requires a more in-depth analysis of his individual publications and citation counts."
16,Era,Jain,BMCE,2,"1. **Technical Expertise:**  Immunomodulatory biomaterials, drug delivery systems, tissue engineering, macrophage targeting therapies,  design and testing of immunomodulative drug delivery systems for osteoarthritis treatment.  Specific techniques may include microgel design, silk fibroin cryogel fabrication, and potentially other advanced materials processing and characterization techniques (requires further investigation of publications).

2. **Research Applications:**  Development of treatments for musculoskeletal disorders and related inflammatory diseases, particularly osteoarthritis.  Evidence suggests involvement in at least three patents, although details of these patents require further investigation using patent databases with the patent numbers if available.  Focus is on translational research with clear practical applications in the biomedical field.

3. **Specialized Knowledge:** Expertise in the design and synthesis of immunomodulatory biomaterials, likely including advanced characterization techniques like microscopy (TEM, SEM), spectroscopy (FTIR, NMR), and mechanical testing. Use of specific biomaterials like silk fibroin is indicated.  The use of  ""designer microgels"" suggests expertise in microfabrication or advanced material processing techniques.

4. **Interdisciplinary Impact:**  The research is inherently interdisciplinary, drawing on expertise in biomedical engineering, materials science, immunology, and potentially pharmaceutical science. Collaborations with other researchers may reveal further connections to other fields.

5. **Active Projects:**  The Jain Lab is actively involved in research related to immunomodulatory drug delivery for osteoarthritis.  Funding information and specific grant details require further searching using specific grant databases or by reviewing the lab website for publications and news. One specific project mentioned is an Internal BioInspired Seed Grant."
17,Pankaj,Jha,EECS,1,"1. **Core Research Areas:** Quantum technologies, 2D materials, III-V semiconductors, nanomaterials, optoelectronics, quantum information science,  and potentially computational fluid dynamics (based on a separate profile).

2. **Key Publications:**  (Note:  I cannot access the full text of his publications to assess their specific impact.  The following are based on titles and citations from the Google Scholar profile.  To provide a truly accurate impact assessment, a more detailed analysis of individual papers would be required.)

    *   **[Publication 1 Title]:**  (Needs to be obtained from Google Scholar profile) -  This is important because [brief description of impact, e.g.,  it introduced a novel technique or demonstrated a significant improvement in performance].
    *   **[Publication 2 Title]:** (Needs to be obtained from Google Scholar profile) - This paper is significant because [brief description of impact, e.g.,  it was highly cited or led to a new research direction].
    *   **[Publication 3 Title]:** (Needs to be obtained from Google Scholar profile) - This work is notable for [brief description of impact, e.g., its experimental validation of a theoretical concept].

3. **Research Focus:** Professor Pankaj Jha's research primarily centers on developing novel quantum hardware using advanced materials and nanostructures. His work seems to span the synthesis, characterization, and application of these materials in quantum computing and related technologies.  This includes exploring the use of two-dimensional materials, III-V semiconductors, and other nanostructures for creating quantum bits (qubits) and other quantum components.  The  optoelectronic aspects of these systems are also likely an area of interest.

4. **Recent Work:** Based on the available information, his recent work likely focuses on continuing advancements in quantum hardware development, using 2D materials and heterostructures. He may also be involved in exploring new materials and fabrication techniques to improve qubit coherence and scalability.  More specific details would require accessing his recent publications.

5. **Notable Contributions:** (Specific contributions are impossible to list here without access to full publication details.  General notable contributions *could* be)  Developing new fabrication methods for advanced quantum hardware, discovering novel materials with enhanced properties for quantum applications, improving the performance metrics of quantum devices (coherence, scalability etc.),  advances in theoretical understanding of specific material systems,  or significant breakthroughs in the experimental realization of quantum technologies.


**Disclaimer:** This analysis is based solely on publicly available information from Google Scholar and other readily accessible online resources.  A comprehensive assessment would require access to the full text of publications and a more thorough review of research grants, presentations, and collaborations."
18,Min,Liu,CEE,2,"1. Technical Expertise:  Min Liu's expertise lies in developing innovative approaches to integrate human and engineering aspects of construction. Her research utilizes information theory to quantify information exchange effectiveness in construction planning.  Her work also involves construction labor productivity performance measurement and improvement, and lean construction techniques.  Further investigation into her Google Scholar profile would reveal more specific methodologies and techniques.

2. Research Applications:  While specific patents are not readily apparent from the initial searches, her research directly impacts bridge preservation project prioritization, considering economic, social, and environmental factors.  Her work on construction labor productivity and lean construction techniques has clear practical applications in improving efficiency and safety on construction sites.  Further investigation into her publications is needed to fully assess practical applications and identify any patents.

3. Specialized Knowledge:  She utilizes information theory as a unique approach to analyzing construction planning.  Her affiliation with the Syracuse University Infrastructure Institute suggests expertise in infrastructure management and sustainability. The specific tools and equipment used are not readily detailed in the initial searches but could be found through further exploration of her research publications.

4. Interdisciplinary Impact: Min Liu's research bridges civil engineering with management science (labor productivity, lean construction), potentially economics (cost-benefit analysis of bridge preservation), and sociology (social impact assessments). The integration of human factors in construction projects highlights an interdisciplinary approach.

5. Active Projects:  She is currently the Director of the Syracuse University Infrastructure Institute, indicating involvement in numerous research initiatives.  Her work on bridge preservation project prioritization and her ongoing research on integrating human and engineering aspects of construction represent active projects. Information on specific funding grants needs further research through university databases or grant award websites."
19,Zhen,Ma,BMCE,2,"1. Core Research Areas: Cardiovascular Engineering, Stem Cell Biology, Tissue Engineering, Biomaterials, Mechanobiology, Organoids, Micro/Nanotechnology.

2. Key Publications:  (Note:  Specific titles and impact require accessing full publication lists which is beyond the scope of these tools. The following are placeholders representing the *types* of publications expected based on the available data.)

    *  A high-impact publication on engineering stem cell-based cardiac organoids (likely based on the NSF CAREER award).  This would demonstrate a significant advancement in creating functional heart tissue models.
    *  A publication detailing the development of novel biomaterials for supporting stem cell differentiation or tissue regeneration. This would demonstrate expertise in material science and its application in regenerative medicine.
    *  A publication on the mechanobiology of cardiac cells and tissues, focusing on how mechanical forces influence cell behavior and tissue development.  This would show expertise in the intersection of engineering and biology.

3. Research Focus: Dr. Zhen Ma's research focuses on developing multi-scale cardiac models using stem cells, micro/nanotechnology, and biomaterials.  His work aims to improve the understanding of heart development, disease, and regeneration, with the ultimate goal of developing new therapies for cardiovascular diseases. This involves engineering spatial organization within cardiac organoids, investigating the mechanobiology of cardiac tissues, and developing novel biomaterials to support stem cell differentiation and tissue formation.

4. Recent Work: Based on the available information, recent research trends suggest ongoing work in the development and application of stem cell-based cardiac organoids, possibly incorporating advanced imaging techniques for live cell analysis and improved control over stem cell fate and spatial organization.

5. Notable Contributions:  The NSF CAREER award for the project on ""Engineering Stem Cell-Based Cardiac Organoids"" highlights a significant contribution to the field.  His research also seems to be contributing to the development of novel biomaterials and techniques for advanced cardiac tissue engineering and regenerative medicine.  Further details on specific breakthroughs require access to his full publication list."
20,Shalabh ,Maroo,MAE,1,"1. Technical Expertise:  Professor Maroo's research utilizes experimental techniques, molecular simulations, and theoretical modeling to investigate nanoscale transport phenomena, particularly in the context of heat transfer and phase change. His methodologies include visualizing and studying pool boiling, analyzing meniscus evaporation, and employing direct two-dimensional pressure formulations in molecular dynamics.

2. Research Applications:  His research has practical applications in various areas such as high-heat dissipation (e.g., passive oscillating heat pipes), desalination, and energy conversion. While specific patents weren't readily identified from the available information, the fundamental research conducted lays a strong foundation for technological advancements.

3. Specialized Knowledge: Professor Maroo's expertise lies in the study of nanoscale liquid-vapor phase-change physics, particularly at the three-phase contact line.  He utilizes specialized equipment for experimental investigation of boiling and evaporation processes. The Multiscale Research & Engineering Laboratory (MREL) under his direction likely houses specialized equipment for nanomaterials characterization and experimentation.

4. Interdisciplinary Impact:  His research connects to various fields including chemistry (surfactants' effect on boiling), materials science (nanomaterials in heat transfer), and environmental science (passive liquid transport in plants).

5. Active Projects:  Based on available information, Professor Maroo's current research involves investigating the effect of surfactants on pool boiling for cooling surfaces and the study of nanoscale meniscus evaporation. Specific funding grants and active projects may be found in more detailed institutional databases not accessible through general web searches.  His NSF CAREER award (Award # 1454450) focused on nanoscale meniscus evaporation."
21,Joao Paulo ,Marum,EECS,1,"1. Core Research Areas: Software Engineering, Programming Languages, Augmented Reality, Virtual Reality, Reactive Programming, Computer Graphics

2. Key Publications:  I cannot definitively identify his 2-3 most significant publications without access to a complete publication list and citation data (which requires more sophisticated tools than are available).  Google Scholar and his university page only offer limited information on this. Further investigation is needed using more comprehensive academic databases.

3. Research Focus: Joao Paulo Marum's research appears to focus on the intersection of software engineering principles and interactive technologies, specifically in the realms of augmented and virtual reality.  His expertise in programming languages likely informs his development of software for these applications.  The mention of reactive programming suggests an interest in building responsive and efficient systems.  His work likely involves designing and implementing software architectures for these domains.

4. Recent Work:  His current research directions are not explicitly stated in readily available sources.  However, given his background, it's likely he is continuing to work in software development for interactive applications, possibly exploring advancements in reactive programming or novel applications of AR/VR.

5. Notable Contributions:  Significant findings or breakthroughs are not explicitly detailed in the accessible information.  More thorough analysis of his publications is needed to assess his unique contributions.  His relatively low Google Scholar citation count suggests he may be at an early stage of his research career."
22,Chikukuri,Monhan,EECS,both,"1. **Technical Expertise:** Neural network algorithms and applications, evolutionary algorithms (genetic algorithms, particle swarm optimization),  adaptive models and fusion algorithms, anomaly detection principles and algorithms.  Proficient in developing and applying AI techniques to diverse problems.

2. **Research Applications:**  Development of liquid gauging apparatus using time-delay neural networks (indicated by patent association).  Applications likely extend to various fields benefiting from AI and optimization techniques, such as signal processing, data analysis, and control systems.

3. **Specialized Knowledge:** Expertise in designing and implementing neural networks, specifically time-delay neural networks.  Experience with genetic algorithms and particle swarm optimization for solving complex optimization problems.  Likely utilizes simulation software and specialized hardware for neural network training and testing.

4. **Interdisciplinary Impact:** Research bridges electrical engineering and computer science with other fields where optimization and data analysis are crucial. This includes potential applications in chemical engineering (liquid gauging), environmental science (sensor data analysis), and potentially robotics and control systems.

5. **Active Projects:**  While specific current project titles and grant details aren't explicitly stated in the readily available information,  his publications and past research strongly suggest ongoing work in the areas of neural networks, evolutionary computation, and their application to various problems.  Information about current funding may be found on his university profile or grant databases (though this would require further investigation beyond the scope of immediately available search results)."
23,Mary Beth,Monroe,BMCE,both,"1. Core Research Areas: Biomaterials, Tissue Engineering, Polymer Chemistry, Biomedical Engineering, Wound Healing

2. Key Publications:  I need to access her Google Scholar profile to determine the 2-3 most significant publications based on citations and impact.  This information isn't directly extractable from the previous search results.  I would need to analyze her publication list to determine which have the highest citation counts and significance within the field. (This requires accessing and analyzing her Google Scholar profile directly.)

3. Research Focus: Professor Monroe's research centers on developing innovative biomaterials to address clinical needs, particularly in wound healing. Her lab utilizes advances in polymer chemistry to create novel materials that improve healing outcomes.  Her work likely involves the design, synthesis, and characterization of these biomaterials, along with in vitro and in vivo testing to evaluate their efficacy and biocompatibility.

4. Recent Work: Based on the available information, her recent work focuses on developing shape memory polymer foam hemostats for hemorrhage control and possibly other aspects of wound healing based on the award mentions.

5. Notable Contributions: Professor Monroe has received the Young Investigator Award from the Society for Biomaterials and the 2023 Rosalind Franklin Society Special Award in Science, indicating significant contributions to the field.  Specific breakthroughs would require examining the content of her publications."
24,Shikha,Nangia,BMCE,both,"1. Technical Expertise: Computational biology, multiscale modeling, nanocarriers, theoretical and computational techniques for studying the blood-brain barrier, molecular and structural biophysics, development of computational approaches for examining molecular and structural biophysics.

2. Research Applications:  Focuses on developing methods to improve drug delivery across the blood-brain barrier, potentially impacting treatment of neurological diseases like Alzheimer's and Parkinson's.  While specific patents weren't directly identified in the readily available sources, the research strongly suggests potential for future patentable innovations in drug delivery systems and computational modeling techniques.

3. Specialized Knowledge: Expertise in computational modeling and simulation, particularly applied to biological systems.  Utilizes high-performance computing resources likely for complex simulations.  The Nangia Research Group's website hints at specialized software and algorithms developed in-house.

4. Interdisciplinary Impact:  Research bridges biomedical engineering, chemical engineering, computational biology, and potentially materials science (nanomaterials for drug delivery).  The work has implications for pharmacology and neuroscience.

5. Active Projects:  Current research involves developing computational approaches to examine molecular and structural biophysics, with a specific focus on improving drug delivery across the blood-brain barrier. The group's website lists ongoing projects related to tight junction architecture, blood-brain barrier, nanomedicine, drug delivery, biofilms, and antibiotic resistance.  Funding sources weren't explicitly stated in the easily accessible information, requiring further investigation into grant databases."
25,Anupam,Pandey,MAE,both,"1. Core Research Areas: Soft matter physics, fluid mechanics, capillarity, interfacial phenomena, bio-inspired materials, and the mechanics of soft and squishy materials (elastomers, hydrogels, polymer melts).

2. Key Publications:  A precise selection of the *most* significant papers requires access to citation metrics and impact factors beyond what's directly available from the initial searches. However, based on the available information, likely candidates for key publications would be those found repeatedly mentioned across multiple profile pages.  Further investigation, using the links to Google Scholar and ResearchGate, would be necessary to definitively rank publications by impact.  For example,  a paper on ""Optimal free-surface pumping by an undulating carpet"" (Nature publication) is strongly suggested by the search results and appears very significant.  Other key publications would need further analysis using their Google Scholar page.

3. Research Focus: Professor Pandey's research focuses on understanding the fundamental physics governing the behavior of soft and deformable materials, particularly their interactions with fluids.  His work draws inspiration from nature, studying how organisms utilize these interactions for locomotion and other functions.  A core aspect of his research involves investigating the interplay between elasticity, viscoelasticity, and fluid dynamics in various contexts, including capillarity-driven flows,  crease formation in soft materials, and the design of bio-inspired devices.

4. Recent Work: Recent work suggests a strong focus on understanding and optimizing free-surface pumping mechanisms, inspired by natural systems.  The ""Optimal free-surface pumping by an undulating carpet"" publication highlights this.  His research also appears to continue investigating the mechanics of soft materials and their interaction with fluids, potentially exploring new applications and designs.

5. Notable Contributions: While a complete list of contributions requires in-depth analysis of individual publications, the publication in Nature on optimal free-surface pumping represents a significant contribution.  Other notable contributions may exist within his body of work, requiring further examination of his Google Scholar and ResearchGate profiles to identify impactful publications and their citations."
26,Jason,Pollack,EECS,2,"1. Technical Expertise: Quantum information theory, quantum gravity, decoherence, thermalization, emergent spacetime, holographic duality, quantum computation,  bulk reconstruction.  Methodologies include analytical techniques, numerical simulations, and potentially experimental collaborations (though this isn't explicitly stated in readily available information).

2. Research Applications:  While not explicitly mentioned as patents, his research on quantum information and its connection to cosmology and quantum gravity could have long-term applications in quantum computing, quantum communication, and a deeper understanding of the universe.  His work on bulk reconstruction may have implications for advanced data processing and information retrieval.

3. Specialized Knowledge:  Expertise in quantum field theory, quantum information theory, and cosmology.  His work suggests a strong understanding of complex computational methods and theoretical frameworks relevant to quantum systems and gravity.  Specific software or hardware used in his research is not publicly listed.

4. Interdisciplinary Impact: Strong interdisciplinary connections between physics (quantum gravity, cosmology), computer science (quantum computation), and mathematics.

5. Active Projects:  His current research at Syracuse University focuses on the theoretical aspects of quantum information and its relation to fundamental physics.  Further details on specific funded projects require accessing grant databases or university internal documents, which are not accessible via web search.  His past work includes postdoctoral research at the University of Texas at Austin and the University of British Columbia."
27,Qinru,Qiu,EECS,2,"1. Core Research Areas: Neuromorphic Computing, Energy-Efficient Computing, System-on-Chip design, High-Performance Computing, Machine Intelligence.

2. Key Publications:  (Note:  Specific publications require accessing her Google Scholar profile directly.  The following are examples based on common themes found in the observations, and should be replaced with actual titles and brief descriptions of impact upon accessing her Google Scholar page):

    * **Example Publication 1:**  A paper on a novel architecture for energy-efficient neuromorphic computing (replace with actual title and a brief description of its impact, e.g.,  ""demonstrated X% reduction in energy consumption compared to state-of-the-art"").
    * **Example Publication 2:** A publication on a new algorithm for dynamic power management in computer systems (replace with actual title and a brief description of its impact, e.g., ""improved performance by Y% under variable workloads"").
    * **Example Publication 3:**  Research on high-performance computing for cognitive applications (replace with actual title and a brief description of its impact, e.g., ""achieved Z speedup compared to traditional approaches"").

3. Research Focus: Professor Qinru Qiu's research focuses on the design and implementation of energy-efficient and brain-inspired neuromorphic computing systems.  Her work spans multiple levels, from algorithm design and architectural innovation to hardware implementation and system integration.  A significant portion of her research addresses the challenges of power and thermal management in high-performance computing systems, seeking to improve efficiency while maintaining or enhancing performance for cognitive applications.

4. Recent Work: Based on recent news articles and website information, Professor Qiu's current research continues to focus on improving the energy efficiency of computing, particularly in the context of neuromorphic computing and system-on-chip design.  Specific ongoing projects might be found on her university website or research group page (details need to be collected from those pages).

5. Notable Contributions: Professor Qiu's significant contributions include advancements in neuromorphic computing architectures and algorithms for energy efficiency. Her work has resulted in demonstrable improvements in power consumption and performance in various computing systems.  Specific quantitative metrics (e.g., percentage improvements, speedup factors) should be sourced from her publications.  Furthermore, her leadership in the field as evidenced by her distinguished professorship and publications in high-impact venues strongly indicates significant contributions to the field."
28,Farzana,Rahman,EECS,2,"1. **Technical Expertise:** Mobile healthcare, healthcare data analytics, pervasive health technologies, mobile computing, human-computer interaction, computer science education, broadening participation in computing, qualitative and quantitative research methodologies.  Her publications indicate expertise in designing and developing technology-enhanced learning environments and measuring their effectiveness.  She uses various software tools and technologies for mobile app development and data analysis, but the specific names are not explicitly available from the searches.

2. **Research Applications:**  Her research focuses on improving users' quality of life through mobile and pervasive health technologies.  Practical applications are evident in her work on mobile app development for social good and technology-enhanced learning environments.  No patents were immediately identified from the searches.

3. **Specialized Knowledge:**  Expertise in designing and evaluating technology-enhanced learning environments, mobile health interventions, and broadening participation in computer science. She has experience working with diverse student populations and using various technologies for mobile app development and data analysis. The specific tools and software packages she uses are not explicitly detailed in the readily available information.

4. **Interdisciplinary Impact:** Her research strongly connects computer science with healthcare, education, and social sciences.  Her work on broadening participation in computing has clear social implications.

5. **Active Projects:**  She received a Google ExploreCSR award to fund a student engagement workshop program in 2020.  Her current research initiatives aren't fully detailed in the easily accessible online information but continue to focus on mobile health, technology-enhanced learning and broadening participation in computing.  Specific grant details beyond the Google grant require more extensive searching."
29,Younes,Radi,EECS,2,"1. Core Research Areas: Applied electromagnetics, artificial materials, metamaterials, microwave engineering, wireless power transfer, electromagnetic wave-matter interactions.

2. Key Publications:  I cannot provide specific titles and impacts without accessing his Google Scholar profile directly and reviewing the abstracts of his publications. This information would require a more in-depth analysis beyond the scope of what is available from web searches.  However, based on his high citation count, his most significant publications likely fall within the core research areas listed above.

3. Research Focus: Younes Radi's research focuses on the theoretical and applied aspects of electromagnetics, particularly concerning the design and applications of artificial materials (metamaterials) to manipulate electromagnetic waves. His work likely involves the development of novel materials and structures with tailored electromagnetic properties for various applications, such as wireless power transfer and sensing technologies.

4. Recent Work:  Based on recent news articles, his recent work includes research on electromagnetic absorbers published in Nature Communications.  Further details on current research directions require accessing his research group's website or publications directly.

5. Notable Contributions:  While specifics about breakthroughs are not readily available from web searches, his high citation count suggests significant contributions to his field.  His appointment as a Senior Member of the IEEE and Associate Editor further indicates his recognized expertise and scholarly impact.  The publication in Nature Communications highlights high-impact research in the development of novel electromagnetic absorbers."
30,Baris,Salman,CEE,both,"1. **Technical Expertise:** Dr. Salman's research methodologies encompass infrastructure asset management, sustainable repair and rehabilitation, risk assessment, and the application of Building Information Modeling (BIM) for infrastructure management.  His techniques include developing deterioration models, integrated sustainability assessment frameworks, and digital twin frameworks for bridges.  He utilizes data collection methods to inform these models and frameworks.  His publications indicate expertise in using supplementary cementitious materials like graphite in concrete.

2. **Research Applications:**  Dr. Salman's research has practical applications in improving the sustainability and resilience of civil infrastructure systems.  While specific patents weren't readily identified in the initial search, his work on optimizing infrastructure management directly translates to practical improvements in construction processes, lifecycle cost reduction, and more sustainable practices in infrastructure projects.  His research on digital twin frameworks has direct application in predictive maintenance and management.

3. **Specialized Knowledge:** Dr. Salman employs specialized software and tools related to BIM (Building Information Modeling) and data analysis for infrastructure management.  The specific software packages he utilizes aren't explicitly stated, but his work requires proficiency in relevant software used for modeling, simulation, and data visualization.  His expertise in  applying graphite as a supplementary cementitious material in concrete also represents a specialized area of knowledge.

4. **Interdisciplinary Impact:** Dr. Salman's research bridges Civil Engineering with other disciplines. His work on sustainability assessment involves collaborations with researchers focusing on environmental science and economics.  His digital twin framework work likely involves computer science and data analytics expertise.  His collaborations and publications suggest interdisciplinary connections with researchers in different fields to comprehensively address infrastructure challenges.

5. **Active Projects:** Dr. Salman's active projects include developing a digital twin framework for bridges and an integrated sustainability assessment framework for public-private partnerships in highway projects.  His research also focuses on accelerating the construction process of highway projects and improving management strategies for a variety of infrastructure assets.  The provided links suggest ongoing funding and collaborations on several research initiatives.  Specific grant details may require further investigation through Syracuse University's grant databases."
31,Ashok,Sangani,BMCE,both,"1. Core Research Areas: Fluid mechanics, transport phenomena, particulate and multiphase flows, transport in biological systems, applied mathematics, composite materials.

2. Key Publications:  While specific citation counts and impact factors require accessing individual papers,  a review of his publications on bepress and ResearchGate indicates several highly cited papers focusing on:
    * **Modeling of flow through porous media:**  His work on this topic has likely received significant attention due to its wide applications in various fields.
    * **Suspensions of particles:** Research in this area frequently appears in high-impact journals.
    * **Cilia mechanics:**  This is a specialized area within biofluid mechanics that could contain highly impactful papers.  Finding specifics requires examining individual publications.

3. Research Focus: Professor Sangani's research centers on the theoretical and computational modeling of fluid mechanics in complex systems.  His expertise involves developing and applying advanced mathematical techniques to analyze and predict the behavior of fluids in diverse settings, including porous media, suspensions, and biological systems like cilia.  A recurring theme is the development of accurate and efficient numerical methods to solve these complex problems.

4. Recent Work:  Determining precise recent work requires access to his most recent publications.  However, based on the available information, his research likely continues in the areas of multiphase flows, porous media modeling, and perhaps biological fluid mechanics, possibly incorporating novel computational methods and focusing on applications in areas like biomedicine or environmental engineering.

5. Notable Contributions: Professor Sangani's significant contributions stem from his development and application of sophisticated theoretical and computational methods to solve challenging problems in fluid mechanics. The impact of his work is widespread across various disciplines, likely making substantial contributions to our understanding of flow in complex media and its implications in numerous engineering and biological applications.  Pinpointing specific breakthroughs necessitates accessing and analyzing his individual publications."
32,Amit ,Sanyal,MAE,2,"1. **Technical Expertise:** Geometric mechanics, nonlinear and geometric control, nonlinear dynamical systems, mechatronics, variational integration, observer design, robotics, control and estimation of rigid body and multi-body systems,  spacecraft dynamics and control, autonomous vehicles and robots.  His publications reveal expertise in mathematical modeling, algorithm development, and simulation techniques.

2. **Research Applications:**  His research focuses on increasing the safety and reliability of autonomous vehicles and robots working alongside humans.  Specific applications are not explicitly detailed in readily available resources, but the core techniques are applicable to numerous areas within robotics and autonomous systems.  Patent information was not readily accessible in the initial search results.

3. **Specialized Knowledge:**  Expertise in geometric mechanics and its applications provides a unique approach to control and estimation problems.  The specific equipment or software tools used are not detailed publicly.

4. **Interdisciplinary Impact:**  His work bridges mechanical and aerospace engineering with mathematics (geometric mechanics), computer science (control algorithms, robotics), and potentially electrical engineering (sensor integration). His research on autonomous systems has implications for various sectors, including transportation and manufacturing.

5. **Active Projects:**  Current research initiatives and grants are not detailed in easily accessible public sources.  However, his online profiles indicate ongoing research in areas mentioned above.  Collaborations are suggested by his publication co-authorships.  Information about specific funding grants requires further investigation beyond readily available online resources."
33,Wanliang ,Shan,MAE,2,"1. Core Research Areas: Solid Mechanics, Materials Engineering, Soft Robotics, Machine Learning, Thermophysics.

2. Key Publications:  (Note:  Specific paper titles and impacts require access to his Google Scholar profile for detailed information.  The following are placeholders based on common themes in his research.)

    *   **High-Impact Publication 1 (Placeholder Title):**  A paper on a novel design for soft robotic grippers, potentially detailing a significant advancement in manipulation capabilities.  Impact: High citation count, demonstrating influence on the field.
    *   **High-Impact Publication 2 (Placeholder Title):** A publication concerning tunable friction in soft materials, potentially showcasing a new approach to locomotion or manipulation. Impact: Significant advancement in material science and robotics.
    *   **High-Impact Publication 3 (Placeholder Title):** A paper focusing on the mechanics of soft active structures, likely contributing to a deeper understanding of how these materials behave under load and how this can be exploited for engineering applications.  Impact: Enhanced understanding of fundamental principles in the field.

3. Research Focus: Dr. Shan's research centers on the intersection of solid mechanics, materials science, and robotics.  His work is heavily focused on soft robotics, particularly developing novel materials and designs for soft grippers and actuators.  A key theme is the use of advanced materials with tunable properties to create robots that are more adaptable and capable of interacting with complex environments. He employs theoretical modeling and simulations along with experimental validation to advance the field.  His expertise includes exploring how to achieve locomotion and manipulation in soft robots using dynamically tunable friction.

4. Recent Work: Based on available information, current research directions likely include ongoing development of soft robotic grippers, exploring tunable adhesion mechanisms, and furthering the understanding of the mechanics of soft active structures.  He is likely continuing to explore the application of machine learning in design and control of soft robots.

5. Notable Contributions: Dr. Shan's research has likely made significant contributions to the field of soft robotics, through the development of novel materials and designs for soft actuators and grippers. His work on tunable friction and adhesion represents a notable advancement, potentially impacting various applications ranging from minimally invasive surgery to advanced manufacturing.  The specific breakthroughs require more detailed examination of his publications but are suggested by the high citation count visible on his Google Scholar profile."
34,Sucheta ,Soundarajan,EECS,1,"1. Technical Expertise: Algorithm development, data mining, social network analysis, complex network analysis, large matrix analysis, network sampling/crawling, link prediction methods, community detection,  hierarchical structure analysis.  Specific techniques employed may vary depending on the project but likely involve graph theory, statistical methods, and machine learning algorithms.

2. Research Applications:  While specific patents weren't directly found in my search, her research has implications for improving the precision of link prediction methods, understanding donor behavior, and potentially other applications related to network analysis and data mining in various domains (e.g., social sciences, public health).  Further investigation into her publications may reveal more concrete applications.

3. Specialized Knowledge:  Expertise in analyzing large-scale social and complex networks.  Specific tools and techniques likely include various network analysis software packages and programming languages (e.g., Python, R), potentially specialized graph databases, and custom-built algorithms for data collection and analysis.

4. Interdisciplinary Impact:  Her research bridges computer science,  social sciences (sociology, public health), and potentially other fields depending on the application of her network analysis techniques. For example, her work on predicting donor behavior links computer science with fundraising strategies.

5. Active Projects:  Based on available information, her current research focuses on algorithm development and analysis of complex networks, likely funded through grants such as the NSF CAREER award.  Details on ongoing specific projects require further exploration of her publications and university website."
35,Yiyang ,Sun,MAE,1,"1. Core Research Areas: Fluid mechanics, unsteady aerodynamics, computational fluid dynamics, modal/non-modal analysis, flow control.

2. Key Publications:  (Note:  Specific publication titles and impact require access to her Google Scholar profile and publications list which I cannot directly access. The following is a placeholder based on her research interests.)

    *   **Publication 1 (Placeholder):**  ""Title related to modal analysis of unsteady flows"" -  This publication would likely detail the development or application of modal analysis techniques to understand complex fluid flow phenomena.  The impact would be measured by its citations and influence on subsequent research in the field.
    *   **Publication 2 (Placeholder):** ""Title on flow control strategies using physics-driven methods"" - This publication likely explores innovative methods for controlling fluid flows based on fundamental physics understanding. The impact is in the advancement of flow control technology.
    *   **Publication 3 (Placeholder):** ""Title on compressible cavity flow analysis"" -  This would contribute to the understanding of complex flow structures in aerospace applications. The impact would be determined by its contribution to theoretical understanding and potential practical application.

3. Research Focus: Dr. Yiyang Sun's research focuses on understanding the fundamental physics of fluid flows, particularly unsteady and complex flows. She utilizes advanced computational methods (computational fluid dynamics) and analytical techniques (modal/non-modal analysis) to analyze these flows and develop physics-driven control strategies.  Her work is highly relevant to aerospace engineering and other fields where controlling fluid flow is crucial.

4. Recent Work: Based on recent news and awards, Dr. Sun's recent work involves investigating multi-modal interactions in fluid flows and developing innovative flow control techniques.  She has received the Air Force Office of Scientific Research (AFOSR) Young Investigator Program award, suggesting her ongoing focus on impactful research in the field.

5. Notable Contributions:  (Note: Specific findings and breakthroughs require accessing her publications. The following is a general statement.)  Dr. Sun's notable contributions are anticipated to lie in her advancements of modal analysis methods for complex flow characterization and her development of novel physics-driven flow control strategies. Her work promises significant implications in areas such as aircraft design and other applications that require efficient and effective fluid flow management.  The AFOSR Young Investigator Program award suggests her work is highly innovative and impactful within the field."
36,Yuzhe ,Tang,EECS,2,"1. **Technical Expertise:**  Yuzhe Tang's research focuses on decentralized systems, particularly public blockchains. His expertise includes blockchain security and efficiency at different layers, cyber-security, privacy, distributed systems, and Ethereum security.  His methodology involves tackling systems security/efficiency challenges at different blockchain layers.  Based on his publication record (available via Google Scholar and other sources), his techniques likely include formal methods for security analysis, performance modeling and optimization of blockchain protocols, and potentially, cryptographic techniques.

2. **Research Applications:** His research has practical applications in enhancing the security and performance of blockchain technologies, particularly Ethereum. He's been awarded grants focused on protecting Ethereum security.  He holds at least one US patent (US9098350B2) related to adaptive auto-pipelining in stream processing applications, which could have broader implications beyond blockchain.

3. **Specialized Knowledge:**  Yuzhe Tang's expertise lies in the intersection of distributed systems and security, with a focus on blockchain technologies.  While specific tools aren't explicitly listed across the sources, his research likely involves simulation tools for blockchain performance analysis, security analysis tools (possibly static and dynamic analysis tools), and potentially custom-built tools for analyzing and enhancing blockchain protocols.

4. **Interdisciplinary Impact:**  His work connects computer science (distributed systems, security) with economics (understanding blockchain's economic incentives), and potentially cryptography.  His research on Ethereum security has significant implications for the broader cryptocurrency and decentralized finance (DeFi) industries.

5. **Active Projects:**  Yuzhe Tang has received a grant to specifically address Ethereum security (as reported in Syracuse University news). He is actively involved in blockchain research and development, as evidenced by his LinkedIn profile and publications.  The exact titles and funding sources of all his current projects would require accessing additional databases or contacting him directly, but his publications list provides a good overview of his past and ongoing interests."
37,Svetoslava ,Todorova,CEE,both,"1. Core Research Areas: Environmental Engineering, Metal Biogeochemistry, Sustainable Infrastructure, Low-cost Environmental Sensors, Mercury Contamination in Aquatic Ecosystems, Fate and Transport of Contaminants.

2. Key Publications:  I cannot provide specific titles and impacts without direct access to her publications list and citation data.  To get this information, you need to go to her Google Scholar profile (link found in previous observations) and examine her publication list.  Look for papers with high citation counts and those published in high-impact journals. Note the titles and briefly describe their contribution to the field based on the abstracts.

3. Research Focus: Professor Todorova's research focuses on understanding and mitigating environmental contamination, particularly mercury pollution in aquatic systems. Her work utilizes both field studies and analytical approaches to investigate the behavior and transport of mercury, aiming to develop sustainable technologies for remediation.  She also appears to work on broader sustainable infrastructure topics and low-cost sensor development for environmental monitoring.

4. Recent Work:  Based on the news articles, recent work includes attending UN sessions on reducing plastic pollution, indicating a growing interest in broader environmental issues beyond mercury. Examining recent publications on Google Scholar will be necessary to understand current research directions in greater detail.

5. Notable Contributions:  Specific notable contributions cannot be ascertained without detailed access to her publications.  Look for awards, recognition, or highly cited publications on her Google Scholar profile to find specific breakthroughs and significant findings.  The abstracts of her papers will be essential for this."
38,Senem,Velipasalar,EECS,both,"1. **Technical Expertise:** Machine learning, computer vision, wireless embedded smart cameras, distributed multi-camera tracking and surveillance systems, automatic event detection, time series segmentation, deep reinforcement learning, human activity recognition, driver behavior analysis, occupancy detection, thermal imaging for pedestrian detection.  Methodologies include development of low-power sensor platforms, algorithm design for image and video processing, and application of machine learning techniques to various computer vision tasks.

2. **Research Applications:**  Patents include ""Low Power and Privacy Preserving Sensor Platform for Occupancy Detection"" and ""Automatic Detection by a Wearable Camera"".  Research is applicable to various areas including smart homes (occupancy detection),  autonomous driving (driver behavior analysis), surveillance systems, and pedestrian detection.

3. **Specialized Knowledge:** Expertise in developing low-power, energy-efficient sensor platforms for embedded systems; proficiency in designing and implementing algorithms for real-time video and image processing;  experience with various types of sensors, including cameras (visible and thermal), microphones, and motion sensors.

4. **Interdisciplinary Impact:** Her work bridges electrical engineering and computer science with areas such as transportation safety (driver behavior analysis), human-computer interaction (wearable camera applications), and building automation (occupancy detection).

5. **Active Projects:** While specific current projects and grants aren't explicitly listed on easily accessible pages, her publications and patents indicate ongoing research in the areas of low-power sensor systems, computer vision algorithms, and machine learning applications for various scenarios such as driver monitoring and occupancy detection.  Further investigation into university grant databases might reveal more details about current funding."
39,Yaoying ,Wu,BMCE,both,"1. Core Research Areas: Biomaterials, Immunoengineering, Immunotherapy, Vaccine Design, Peptide Assembly, Synthetic Biomaterials, Molecular Assembly.

2. Key Publications:  (Note:  I cannot directly access and analyze the full text of publications.  The following are examples based on common themes found in her profile information and are placeholders.  To accurately provide titles and impact statements, access to her full publication list is required. Replace these with actual publication details.)

    * **Publication 1 (Example):**  ""Biomaterial-based strategies for enhancing vaccine efficacy.""  *Impact:* Demonstrated a novel biomaterial approach to improve vaccine responses, potentially leading to more effective vaccines.
    * **Publication 2 (Example):** ""Engineering immune responses using supramolecular peptide nanofibers."" *Impact:* Developed novel nanofiber structures for targeted immunotherapy, showcasing a new platform for drug delivery and immune modulation.
    * **Publication 3 (Example):**  ""Multiepitope peptide nanofibers eliciting coordinated humoral and cellular antitumor immune responses."" *Impact:* Significant advancement in cancer immunotherapy through the design of multi-epitope peptide nanofibers that trigger a coordinated immune response.

3. Research Focus: Yaoying Wu's research centers on the design and application of biomaterials to engineer and control immune responses for therapeutic purposes.  Her work spans several areas including the development of novel vaccine platforms, targeted drug delivery systems using peptide-based nanostructures, and the modulation of B-cell immunity.  A significant part of her research involves the design of peptide-based materials with specific functionalities to interact with immune cells and elicit desired therapeutic effects.

4. Recent Work: Based on her online presence,  Dr. Wu's current research likely focuses on the continued development of biomaterial-based strategies for improving vaccine efficacy and cancer immunotherapy.  Her team is likely exploring new materials, design principles, and delivery methods to enhance the performance of immunotherapeutic agents.  Specific ongoing projects would require more direct access to her lab's website or recent publications.

5. Notable Contributions:  Dr. Wus contributions lie in her innovative approaches to designing biomaterials for immune engineering.  She has likely made significant strides in developing novel peptide-based nanostructures for targeted immunotherapy and vaccine design.   Her work may include breakthroughs in understanding the interactions between biomaterials and the immune system, leading to improved therapeutic strategies.  (Specific breakthroughs require access to her publications)."
40,Yi ,Zheng,BMCE,both,"1. Technical Expertise: Microfluidics, stem cell engineering, organoid development, single-cell genomics, human developmental models, biophysical characterization,  biomaterial engineering (implied from lab focus on building human biosystems).  Specific techniques likely include but are not limited to: microfabrication, cell culture, RNA sequencing, bioprinting, and various imaging techniques.

2. Research Applications:  Developing highly controllable and reproducible human biosystems for modeling disease and development.  Patents are not readily apparent from the available information, but the research has clear translational potential for drug discovery, disease modeling, and regenerative medicine.

3. Specialized Knowledge: Expertise in building microengineered organ/disease models (organoids) and using advanced microfluidic techniques for single-cell analysis.  The lab uses stem cells and a wide array of engineering approaches to create human biosystems.

4. Interdisciplinary Impact: Strong interdisciplinary connections between biomedical engineering, chemical engineering, biology, and potentially materials science.  The research integrates engineering principles to address fundamental biological questions.

5. Active Projects:  Based on available information, current research focuses on stem cell-based human developmental models and microengineered organ/disease models using microfluidics.  Funding sources may include NSF (as indicated by one source mentioning an NSF grant). Further research into grant databases would reveal more details."